{
  "mean": 0.44183027205301617,
  "jury": {
    "RM": 0.25648629709050963,
    "KP": 0.017216362230422094,
    "YA": 0.11708776433247449,
    "MK": 0.3361030352760622,
    "PP": 0.16919327221743322,
    "KJ": 0.20762640309732397,
    "AE": 0.19276646946161802,
    "JR": 0.3949804297124971,
    "DS": 0.31975055137158515,
    "WS": 0.4454296101176613,
    "KK": 0.247604713596507,
    "NG": 0.2869093690292583,
    "EP": 0.04690675312308724,
    "SC": 0.12262469959598195,
    "GO": 0.07506378227776359,
    "MB": 0.3935325840821885,
    "JA": 0.3095437552842337
  }
}