{
  "mean": 0.44061373006214616,
  "jury": {
    "JA": 0.2669586791630073,
    "SC": 0.09465588431302317,
    "PP": 0.20854890137676207,
    "MB": 0.42128421049778014,
    "DS": 0.22663105138853865,
    "KK": 0.23015135421630553,
    "NG": 0.24846913650191146,
    "JR": 0.32589649140296306,
    "WS": 0.4592727808036363,
    "EP": 0.07979266760674025,
    "MK": 0.3237517839983249,
    "RM": 0.28172606878551526,
    "GO": 0.1327444258897707,
    "KJ": 0.21073165497479393,
    "AE": 0.23804372970745305,
    "YA": 0.12785805193577457,
    "KP": 0.07137971881175857
  }
}