{
  "mean": 0.4373293564040641,
  "jury": {
    "KP": 0.039575865133747265,
    "JA": 0.2828311144608258,
    "DS": 0.24639588919691782,
    "YA": 0.13502826978874402,
    "JR": 0.3480931615761618,
    "EP": 0.07009073321176046,
    "WS": 0.4499697878199062,
    "RM": 0.2651614660679268,
    "MK": 0.3161456529909918,
    "KK": 0.2301714222581585,
    "KJ": 0.19655332702667966,
    "AE": 0.22499250053201547,
    "NG": 0.2608940859215974,
    "PP": 0.1949706895537762,
    "SC": 0.095038141389526,
    "GO": 0.12190168000486043,
    "MB": 0.4215084553116363
  }
}